{
    "708606927801679932": {
        "name": "suponi561",
        "sessions": [
            {
                "start_time": "2024-07-10 02:49:17",
                "end_time": "2024-07-10 02:51:33",
                "duration_hours": 0,
                "duration_minutes": 2
            },
            {
                "start_time": "2024-07-10 02:51:49",
                "end_time": "2024-07-10 02:59:19",
                "duration_hours": 0,
                "duration_minutes": 7
            },
            {
                "start_time": "2024-07-10 14:31:24",
                "end_time": "2024-07-10 15:23:27",
                "duration_hours": 0,
                "duration_minutes": 52
            },
            {
                "start_time": "2024-07-10 16:34:11",
                "end_time": "2024-07-10 16:34:51",
                "duration_hours": 0,
                "duration_minutes": 0
            }
        ]
    },
    "1062742588458811392": {
        "name": "xxkaratr",
        "sessions": [
            {
                "start_time": "2024-07-10 12:17:29",
                "end_time": "2024-07-10 12:18:09",
                "duration_hours": 0,
                "duration_minutes": 0
            },
            {
                "start_time": "2024-07-10 12:26:05",
                "end_time": "2024-07-10 12:27:35",
                "duration_hours": 0,
                "duration_minutes": 1
            },
            {
                "start_time": "2024-07-10 12:34:06",
                "end_time": "2024-07-10 16:21:09",
                "duration_hours": 3,
                "duration_minutes": 47
            },
            {
                "start_time": "2024-07-10 20:48:29",
                "end_time": "2024-07-10 21:05:56",
                "duration_hours": 0,
                "duration_minutes": 17
            },
            {
                "start_time": "2024-07-10 21:06:27",
                "end_time": "2024-07-11 00:09:23",
                "duration_hours": 3,
                "duration_minutes": 2
            }
        ]
    },
    "796053120244777000": {
        "name": "oyuncanavari",
        "sessions": [
            {
                "start_time": "2024-07-10 12:25:53",
                "end_time": "2024-07-10 12:31:28",
                "duration_hours": 0,
                "duration_minutes": 5
            }
        ]
    },
    "383612602011615233": {
        "name": "counterr90",
        "sessions": [
            {
                "start_time": "2024-07-10 13:20:24",
                "end_time": "2024-07-10 13:47:35",
                "duration_hours": 0,
                "duration_minutes": 27
            },
            {
                "start_time": "2024-07-10 13:47:57",
                "end_time": "2024-07-10 13:48:05",
                "duration_hours": 0,
                "duration_minutes": 0
            },
            {
                "start_time": "2024-07-10 13:48:25",
                "end_time": "2024-07-10 14:42:49",
                "duration_hours": 0,
                "duration_minutes": 54
            },
            {
                "start_time": "2024-07-10 14:46:04",
                "end_time": "2024-07-10 17:30:01",
                "duration_hours": 2,
                "duration_minutes": 43
            }
        ]
    },
    "1239295126711304252": {
        "name": "ertu0158_20448",
        "sessions": [
            {
                "start_time": "2024-07-10 15:17:15",
                "end_time": "2024-07-10 15:23:50",
                "duration_hours": 0,
                "duration_minutes": 6
            },
            {
                "start_time": "2024-07-10 15:26:56",
                "end_time": "2024-07-10 16:04:36",
                "duration_hours": 0,
                "duration_minutes": 37
            },
            {
                "start_time": "2024-07-10 21:55:19",
                "end_time": "2024-07-10 21:55:39",
                "duration_hours": 0,
                "duration_minutes": 0
            },
            {
                "start_time": "2024-07-10 21:55:54",
                "end_time": "2024-07-10 22:56:30",
                "duration_hours": 1,
                "duration_minutes": 0
            }
        ]
    },
    "1197831437748011048": {
        "name": "mahmo_xxx_80833",
        "sessions": [
            {
                "start_time": "2024-07-10 16:48:30",
                "end_time": "2024-07-10 16:56:28",
                "duration_hours": 0,
                "duration_minutes": 7
            }
        ]
    },
    "1069656486759899196": {
        "name": "95859",
        "sessions": [
            {
                "start_time": "2024-07-10 18:40:20",
                "end_time": "2024-07-10 19:43:32",
                "duration_hours": 1,
                "duration_minutes": 3
            }
        ]
    },
    "1031626403361329242": {
        "name": "kaanikolsje",
        "sessions": [
            {
                "start_time": "2024-07-11 00:00:01",
                "end_time": "2024-07-11 00:09:26",
                "duration_hours": 0,
                "duration_minutes": 9
            }
        ]
    }
}