{
    "708606927801679932": {
        "name": "suponi561",
        "sessions": [
            {
                "start_time": "2024-07-10 02:49:17",
                "end_time": "2024-07-10 02:51:33",
                "duration_hours": 0,
                "duration_minutes": 2
            },
            {
                "start_time": "2024-07-10 02:51:49",
                "end_time": "2024-07-10 02:59:19",
                "duration_hours": 0,
                "duration_minutes": 7
            },
            {
                "start_time": "2024-07-10 14:31:24",
                "end_time": "2024-07-10 15:23:27",
                "duration_hours": 0,
                "duration_minutes": 52
            },
            {
                "start_time": "2024-07-10 16:34:11",
                "end_time": "2024-07-10 16:34:51",
                "duration_hours": 0,
                "duration_minutes": 0
            },
            {
                "start_time": "2024-07-11 01:35:33",
                "end_time": "2024-07-11 01:35:41",
                "duration_hours": 0,
                "duration_minutes": 0
            },
            {
                "start_time": "2024-07-11 01:57:43",
                "end_time": "2024-07-11 01:57:53",
                "duration_hours": 0,
                "duration_minutes": 0
            }
        ]
    },
    "1062742588458811392": {
        "name": "xxkaratr",
        "sessions": [
            {
                "start_time": "2024-07-10 12:17:29",
                "end_time": "2024-07-10 12:18:09",
                "duration_hours": 0,
                "duration_minutes": 0
            },
            {
                "start_time": "2024-07-10 12:26:05",
                "end_time": "2024-07-10 12:27:35",
                "duration_hours": 0,
                "duration_minutes": 1
            },
            {
                "start_time": "2024-07-10 12:34:06",
                "end_time": "2024-07-10 16:21:09",
                "duration_hours": 3,
                "duration_minutes": 47
            },
            {
                "start_time": "2024-07-10 20:48:29",
                "end_time": "2024-07-10 21:05:56",
                "duration_hours": 0,
                "duration_minutes": 17
            },
            {
                "start_time": "2024-07-10 21:06:27",
                "end_time": "2024-07-11 00:09:23",
                "duration_hours": 3,
                "duration_minutes": 2
            },
            {
                "start_time": "2024-07-11 13:16:00",
                "end_time": "2024-07-11 13:27:17",
                "duration_hours": 0,
                "duration_minutes": 11
            },
            {
                "start_time": "2024-07-11 13:28:17",
                "end_time": "2024-07-11 16:51:22",
                "duration_hours": 3,
                "duration_minutes": 23
            }
        ]
    },
    "796053120244777000": {
        "name": "oyuncanavari",
        "sessions": [
            {
                "start_time": "2024-07-10 12:25:53",
                "end_time": "2024-07-10 12:31:28",
                "duration_hours": 0,
                "duration_minutes": 5
            },
            {
                "start_time": "2024-07-11 12:06:46",
                "end_time": "2024-07-11 12:07:41",
                "duration_hours": 0,
                "duration_minutes": 0
            },
            {
                "start_time": "2024-07-11 13:36:03",
                "end_time": "2024-07-11 13:57:05",
                "duration_hours": 0,
                "duration_minutes": 21
            },
            {
                "start_time": "2024-07-11 21:47:35",
                "end_time": "2024-07-11 22:00:11",
                "duration_hours": 0,
                "duration_minutes": 12
            }
        ]
    },
    "383612602011615233": {
        "name": "counterr90",
        "sessions": [
            {
                "start_time": "2024-07-10 13:20:24",
                "end_time": "2024-07-10 13:47:35",
                "duration_hours": 0,
                "duration_minutes": 27
            },
            {
                "start_time": "2024-07-10 13:47:57",
                "end_time": "2024-07-10 13:48:05",
                "duration_hours": 0,
                "duration_minutes": 0
            },
            {
                "start_time": "2024-07-10 13:48:25",
                "end_time": "2024-07-10 14:42:49",
                "duration_hours": 0,
                "duration_minutes": 54
            },
            {
                "start_time": "2024-07-10 14:46:04",
                "end_time": "2024-07-10 17:30:01",
                "duration_hours": 2,
                "duration_minutes": 43
            },
            {
                "start_time": "2024-07-11 09:44:37",
                "end_time": "2024-07-11 11:03:05",
                "duration_hours": 1,
                "duration_minutes": 18
            },
            {
                "start_time": "2024-07-11 11:27:28",
                "end_time": "2024-07-11 11:50:45",
                "duration_hours": 0,
                "duration_minutes": 23
            },
            {
                "start_time": "2024-07-11 11:50:58",
                "end_time": "2024-07-11 11:51:02",
                "duration_hours": 0,
                "duration_minutes": 0
            },
            {
                "start_time": "2024-07-11 11:55:19",
                "end_time": "2024-07-11 12:07:06",
                "duration_hours": 0,
                "duration_minutes": 11
            },
            {
                "start_time": "2024-07-11 12:11:23",
                "end_time": "2024-07-11 12:54:57",
                "duration_hours": 0,
                "duration_minutes": 43
            },
            {
                "start_time": "2024-07-11 13:03:30",
                "end_time": "2024-07-11 13:04:03",
                "duration_hours": 0,
                "duration_minutes": 0
            },
            {
                "start_time": "2024-07-11 13:04:05",
                "end_time": "2024-07-11 13:40:35",
                "duration_hours": 0,
                "duration_minutes": 36
            },
            {
                "start_time": "2024-07-11 13:43:41",
                "end_time": "2024-07-11 14:32:36",
                "duration_hours": 0,
                "duration_minutes": 48
            },
            {
                "start_time": "2024-07-11 15:14:21",
                "end_time": "2024-07-11 15:23:31",
                "duration_hours": 0,
                "duration_minutes": 9
            },
            {
                "start_time": "2024-07-11 15:24:59",
                "end_time": "2024-07-11 15:25:58",
                "duration_hours": 0,
                "duration_minutes": 0
            },
            {
                "start_time": "2024-07-11 15:27:02",
                "end_time": "2024-07-11 15:48:40",
                "duration_hours": 0,
                "duration_minutes": 21
            },
            {
                "start_time": "2024-07-11 15:48:51",
                "end_time": "2024-07-11 15:57:17",
                "duration_hours": 0,
                "duration_minutes": 8
            },
            {
                "start_time": "2024-07-11 16:02:55",
                "end_time": "2024-07-11 16:03:14",
                "duration_hours": 0,
                "duration_minutes": 0
            },
            {
                "start_time": "2024-07-11 16:05:03",
                "end_time": "2024-07-11 16:05:15",
                "duration_hours": 0,
                "duration_minutes": 0
            },
            {
                "start_time": "2024-07-11 16:08:28",
                "end_time": "2024-07-11 16:09:52",
                "duration_hours": 0,
                "duration_minutes": 1
            },
            {
                "start_time": "2024-07-11 16:09:55",
                "end_time": "2024-07-11 17:06:19",
                "duration_hours": 0,
                "duration_minutes": 56
            },
            {
                "start_time": "2024-07-11 17:11:09",
                "end_time": "2024-07-11 17:16:00",
                "duration_hours": 0,
                "duration_minutes": 4
            },
            {
                "start_time": "2024-07-11 17:37:36",
                "end_time": "2024-07-11 18:00:37",
                "duration_hours": 0,
                "duration_minutes": 23
            },
            {
                "start_time": "2024-07-11 18:02:30",
                "end_time": "2024-07-11 18:03:13",
                "duration_hours": 0,
                "duration_minutes": 0
            }
        ]
    },
    "1239295126711304252": {
        "name": "ertu0158_20448",
        "sessions": [
            {
                "start_time": "2024-07-10 15:17:15",
                "end_time": "2024-07-10 15:23:50",
                "duration_hours": 0,
                "duration_minutes": 6
            },
            {
                "start_time": "2024-07-10 15:26:56",
                "end_time": "2024-07-10 16:04:36",
                "duration_hours": 0,
                "duration_minutes": 37
            },
            {
                "start_time": "2024-07-10 21:55:19",
                "end_time": "2024-07-10 21:55:39",
                "duration_hours": 0,
                "duration_minutes": 0
            },
            {
                "start_time": "2024-07-10 21:55:54",
                "end_time": "2024-07-10 22:56:30",
                "duration_hours": 1,
                "duration_minutes": 0
            },
            {
                "start_time": "2024-07-11 11:19:06",
                "end_time": "2024-07-11 11:21:31",
                "duration_hours": 0,
                "duration_minutes": 2
            },
            {
                "start_time": "2024-07-11 11:21:56",
                "end_time": "2024-07-11 11:59:56",
                "duration_hours": 0,
                "duration_minutes": 38
            },
            {
                "start_time": "2024-07-11 13:11:01",
                "end_time": "2024-07-11 13:19:56",
                "duration_hours": 0,
                "duration_minutes": 8
            },
            {
                "start_time": "2024-07-11 17:02:37",
                "end_time": "2024-07-11 22:05:51",
                "duration_hours": 5,
                "duration_minutes": 3
            }
        ]
    },
    "1197831437748011048": {
        "name": "mahmo_xxx_80833",
        "sessions": [
            {
                "start_time": "2024-07-10 16:48:30",
                "end_time": "2024-07-10 16:56:28",
                "duration_hours": 0,
                "duration_minutes": 7
            },
            {
                "start_time": "2024-07-11 20:53:41",
                "end_time": "2024-07-11 22:37:04",
                "duration_hours": 1,
                "duration_minutes": 43
            }
        ]
    },
    "1069656486759899196": {
        "name": "95859",
        "sessions": [
            {
                "start_time": "2024-07-10 18:40:20",
                "end_time": "2024-07-10 19:43:32",
                "duration_hours": 1,
                "duration_minutes": 3
            },
            {
                "start_time": "2024-07-11 15:52:19",
                "end_time": "2024-07-11 16:39:34",
                "duration_hours": 0,
                "duration_minutes": 47
            },
            {
                "start_time": "2024-07-11 16:43:50",
                "end_time": "2024-07-11 16:44:35",
                "duration_hours": 0,
                "duration_minutes": 0
            },
            {
                "start_time": "2024-07-11 16:49:00",
                "end_time": "2024-07-11 16:49:35",
                "duration_hours": 0,
                "duration_minutes": 0
            },
            {
                "start_time": "2024-07-11 17:14:16",
                "end_time": "2024-07-11 17:16:16",
                "duration_hours": 0,
                "duration_minutes": 2
            },
            {
                "start_time": "2024-07-11 17:19:12",
                "end_time": "2024-07-11 17:19:37",
                "duration_hours": 0,
                "duration_minutes": 0
            },
            {
                "start_time": "2024-07-11 17:20:12",
                "end_time": "2024-07-11 17:26:02",
                "duration_hours": 0,
                "duration_minutes": 5
            },
            {
                "start_time": "2024-07-11 17:26:32",
                "end_time": "2024-07-11 17:26:37",
                "duration_hours": 0,
                "duration_minutes": 0
            },
            {
                "start_time": "2024-07-11 17:41:57",
                "end_time": "2024-07-11 19:31:20",
                "duration_hours": 1,
                "duration_minutes": 49
            },
            {
                "start_time": "2024-07-11 21:59:24",
                "end_time": "2024-07-11 21:59:36",
                "duration_hours": 0,
                "duration_minutes": 0
            },
            {
                "start_time": "2024-07-11 21:59:38",
                "end_time": "2024-07-11 22:00:00",
                "duration_hours": 0,
                "duration_minutes": 0
            },
            {
                "start_time": "2024-07-11 22:00:03",
                "end_time": "2024-07-11 22:00:07",
                "duration_hours": 0,
                "duration_minutes": 0
            },
            {
                "start_time": "2024-07-11 22:00:09",
                "end_time": "2024-07-11 22:00:16",
                "duration_hours": 0,
                "duration_minutes": 0
            },
            {
                "start_time": "2024-07-11 22:00:20",
                "end_time": "2024-07-11 22:00:23",
                "duration_hours": 0,
                "duration_minutes": 0
            },
            {
                "start_time": "2024-07-11 22:00:30",
                "end_time": "2024-07-11 22:00:36",
                "duration_hours": 0,
                "duration_minutes": 0
            },
            {
                "start_time": "2024-07-11 22:00:41",
                "end_time": "2024-07-11 22:01:26",
                "duration_hours": 0,
                "duration_minutes": 0
            },
            {
                "start_time": "2024-07-11 22:01:27",
                "end_time": "2024-07-11 22:01:28",
                "duration_hours": 0,
                "duration_minutes": 0
            },
            {
                "start_time": "2024-07-11 22:01:28",
                "end_time": "2024-07-11 22:01:29",
                "duration_hours": 0,
                "duration_minutes": 0
            },
            {
                "start_time": "2024-07-11 22:01:46",
                "end_time": "2024-07-11 22:06:35",
                "duration_hours": 0,
                "duration_minutes": 4
            },
            {
                "start_time": "2024-07-11 22:10:05",
                "end_time": "2024-07-11 22:10:15",
                "duration_hours": 0,
                "duration_minutes": 0
            }
        ]
    },
    "1031626403361329242": {
        "name": "kaanikolsje",
        "sessions": [
            {
                "start_time": "2024-07-11 00:00:01",
                "end_time": "2024-07-11 00:09:26",
                "duration_hours": 0,
                "duration_minutes": 9
            },
            {
                "start_time": "2024-07-11 07:15:05",
                "end_time": "2024-07-11 07:46:01",
                "duration_hours": 0,
                "duration_minutes": 30
            }
        ]
    },
    "start_date": "2024-07-10 00:00:00",
    "1225830525160394874": {
        "name": "eyyubfurkan",
        "sessions": [
            {
                "start_time": "2024-07-11 17:03:31",
                "end_time": "2024-07-11 17:06:42",
                "duration_hours": 0,
                "duration_minutes": 3
            },
            {
                "start_time": "2024-07-11 17:16:07",
                "end_time": "2024-07-11 17:57:08",
                "duration_hours": 0,
                "duration_minutes": 41
            },
            {
                "start_time": "2024-07-11 17:59:19",
                "end_time": "2024-07-11 18:21:59",
                "duration_hours": 0,
                "duration_minutes": 22
            },
            {
                "start_time": "2024-07-11 18:22:28",
                "end_time": "2024-07-11 18:24:28",
                "duration_hours": 0,
                "duration_minutes": 2
            },
            {
                "start_time": "2024-07-11 18:30:46",
                "end_time": "2024-07-11 18:34:09",
                "duration_hours": 0,
                "duration_minutes": 3
            },
            {
                "start_time": "2024-07-11 18:35:10",
                "end_time": "2024-07-11 18:37:10",
                "duration_hours": 0,
                "duration_minutes": 2
            },
            {
                "start_time": "2024-07-11 18:39:03",
                "end_time": "2024-07-11 18:42:02",
                "duration_hours": 0,
                "duration_minutes": 2
            },
            {
                "start_time": "2024-07-11 18:45:09",
                "end_time": "2024-07-11 18:48:23",
                "duration_hours": 0,
                "duration_minutes": 3
            },
            {
                "start_time": "2024-07-11 19:07:18",
                "end_time": "2024-07-11 19:17:55",
                "duration_hours": 0,
                "duration_minutes": 10
            },
            {
                "start_time": "2024-07-11 19:19:48",
                "end_time": "2024-07-11 19:27:12",
                "duration_hours": 0,
                "duration_minutes": 7
            }
        ]
    }
}